StationID,Year,Season,AverageTemp,MaxTemp,MinTemp
841199999,2016,Winter,81.60,81.60,81.60
841499999,2016,Winter,57.80,57.80,57.80
841599999,2016,Winter,81.40,81.40,81.40
841599999,2020,Spring,82.90,83.10,82.70
841899999,2016,Winter,82.90,82.90,82.90
99020099999,2016,Winter,33.10,37.90,26.80
99020099999,2021,Fall,46.15,58.50,29.60
99020099999,2021,Winter,38.50,50.10,29.40
99020099999,2022,Fall,51.23,63.60,38.00
99020099999,2022,Spring,45.67,55.00,32.20
99020099999,2022,Summer,56.49,66.90,49.70
99020099999,2022,Winter,40.23,51.50,31.50
99020099999,2023,Fall,51.30,51.30,51.30
99090099999,2016,Winter,36.05,37.80,33.60
99090099999,2021,Fall,48.63,59.60,31.20
99090099999,2021,Winter,40.60,51.60,29.40
99090099999,2022,Fall,53.65,63.10,46.60
99090099999,2022,Spring,47.17,56.70,32.90
99090099999,2022,Summer,59.52,76.50,51.20
99090099999,2022,Winter,42.51,52.00,34.40
99090099999,2023,Fall,57.20,57.20,57.20
99090099999,2024,Summer,79.40,79.40,79.40
99999900120,2015,Fall,56.57,73.30,28.20
99999900120,2015,Spring,55.13,72.10,16.80
99999900120,2015,Summer,69.99,76.50,61.00
99999900120,2015,Winter,36.46,63.10,2.40
99999900126,2015,Fall,52.75,68.40,36.70
99999900126,2015,Spring,54.59,75.70,22.20
99999900126,2015,Summer,74.34,82.90,57.70
99999900126,2015,Winter,38.08,68.10,11.40
99999900126,2016,Fall,61.14,83.10,37.50
99999900126,2016,Spring,55.28,76.80,32.10
99999900126,2016,Summer,76.20,87.10,64.80
99999900126,2016,Winter,38.16,56.50,17.40
99999900126,2017,Fall,58.06,76.70,32.20
99999900126,2017,Spring,56.38,79.40,28.50
99999900126,2017,Summer,74.20,84.00,59.00
99999900126,2017,Winter,41.04,63.70,16.20
99999900126,2018,Fall,58.16,84.80,30.20
99999900126,2018,Spring,53.86,77.30,32.00
99999900126,2018,Summer,75.03,87.80,61.90
99999900126,2018,Winter,39.53,66.50,12.10
99999900126,2019,Fall,64.61,80.80,39.10
99999900126,2019,Spring,56.72,81.00,29.80
99999900126,2019,Summer,75.41,86.80,61.60
99999900126,2019,Winter,38.69,60.40,16.30
99999900126,2020,Fall,59.81,79.60,41.10
99999900126,2020,Spring,52.84,67.10,36.10
99999900126,2020,Summer,76.13,85.40,63.20
99999900126,2020,Winter,41.25,65.50,27.50
99999900126,2021,Fall,60.64,78.70,37.60
99999900126,2021,Spring,55.24,78.30,34.20
99999900126,2021,Summer,74.79,83.80,61.90
99999900126,2021,Winter,39.69,62.70,27.60
99999900126,2022,Fall,58.55,78.30,34.30
99999900126,2022,Spring,57.97,84.20,32.10
99999900126,2022,Summer,77.11,85.90,67.20
99999900126,2022,Winter,39.39,65.10,15.90
99999900126,2023,Fall,58.34,83.60,29.90
99999900126,2023,Spring,55.43,72.30,36.20
99999900126,2023,Summer,73.82,84.80,61.20
99999900126,2023,Winter,44.25,62.50,23.20
99999900126,2024,Fall,58.87,72.80,32.00
99999900126,2024,Spring,57.06,74.10,37.30
99999900126,2024,Summer,75.83,87.10,62.50
99999900126,2024,Winter,39.85,66.50,22.60
99999900126,2025,Spring,52.17,71.40,30.50
99999900126,2025,Winter,35.11,55.30,17.60
99999900157,2015,Fall,39.86,59.40,7.30
99999900157,2015,Spring,36.85,55.80,9.60
99999900157,2015,Summer,57.60,65.60,47.30
99999900157,2015,Winter,21.56,40.30,-17.60
99999900157,2016,Fall,41.04,70.50,13.30
99999900157,2016,Spring,35.11,53.80,12.50
99999900157,2016,Summer,57.61,75.00,46.00
99999900157,2016,Winter,19.14,36.00,-17.90
99999900157,2017,Fall,39.97,59.10,17.70
99999900157,2017,Spring,40.23,54.60,23.20
99999900157,2017,Summer,58.06,67.10,49.40
99999900157,2017,Winter,21.02,42.00,-23.60
99999900157,2018,Fall,37.94,70.30,11.10
99999900157,2018,Spring,38.87,58.30,16.20
99999900157,2018,Summer,59.04,67.00,49.30
99999900157,2018,Winter,21.74,37.80,-0.10
99999900157,2019,Fall,38.69,62.80,-0.70
99999900157,2019,Spring,33.00,52.30,-8.50
99999900157,2019,Summer,57.29,74.80,38.50
99999900157,2019,Winter,16.94,34.10,-12.00
99999900157,2020,Fall,39.10,71.60,-8.80
99999900157,2020,Spring,37.92,61.10,14.00
99999900157,2020,Summer,59.53,78.10,38.10
99999900157,2020,Winter,17.62,35.10,-8.70
99999900157,2021,Fall,41.48,59.20,17.00
99999900157,2021,Spring,34.12,60.30,8.30
99999900157,2021,Summer,59.69,67.70,47.30
99999900157,2021,Winter,21.53,38.50,-3.60
99999900157,2022,Fall,36.36,64.60,1.70
99999900157,2022,Spring,30.97,51.80,-3.10
99999900157,2022,Summer,58.37,67.10,47.40
99999900157,2022,Winter,15.50,34.60,-12.60
99999900157,2023,Fall,43.26,59.00,9.90
99999900157,2023,Spring,32.48,53.10,0.80
99999900157,2023,Summer,56.63,68.80,42.70
99999900157,2023,Winter,15.91,31.80,-7.10
99999900157,2024,Fall,47.35,55.50,35.00
99999900157,2024,Summer,57.20,72.10,49.50
99999900157,2024,Winter,28.08,35.20,7.60
99999900157,2025,Spring,32.69,48.40,17.80
99999900157,2025,Winter,17.65,40.30,-6.70
99999900170,2015,Fall,40.80,65.00,9.70
99999900170,2015,Spring,46.90,66.90,21.10
99999900170,2015,Summer,65.12,84.60,52.50
99999900170,2015,Winter,29.49,62.20,-3.50
99999900170,2016,Fall,49.08,73.40,17.80
99999900170,2016,Spring,46.62,74.60,29.00
99999900170,2016,Summer,70.27,89.20,54.00
99999900170,2016,Winter,22.85,50.90,-8.00
99999900170,2017,Fall,46.99,76.00,24.10
99999900170,2017,Spring,46.48,66.80,22.90
99999900170,2017,Summer,70.83,93.60,43.40
99999900170,2017,Winter,27.14,45.70,-7.50
99999900170,2018,Fall,45.04,69.70,20.70
99999900170,2018,Spring,44.07,69.20,2.50
99999900170,2018,Summer,70.17,78.90,49.30
99999900170,2018,Winter,28.80,44.20,9.70
99999900170,2019,Fall,45.27,74.50,12.30
99999900170,2019,Spring,43.35,60.40,25.20
99999900170,2019,Summer,68.20,85.60,45.60
99999900170,2019,Winter,27.27,43.30,7.30
99999900170,2020,Fall,48.77,75.60,18.30
99999900170,2020,Spring,46.86,79.10,22.50
99999900170,2020,Summer,69.69,80.60,39.60
99999900170,2020,Winter,27.62,44.60,8.50
99999900170,2021,Fall,41.05,61.30,21.60
99999900170,2021,Spring,41.44,61.70,25.70
99999900170,2021,Summer,73.04,84.50,52.50
99999900170,2021,Winter,27.97,40.20,7.20
99999900170,2022,Fall,44.90,90.80,16.60
99999900170,2022,Spring,45.25,68.80,17.80
99999900170,2022,Summer,69.71,90.10,49.40
99999900170,2022,Winter,25.87,40.90,0.00
99999900170,2023,Fall,46.91,68.80,18.00
99999900170,2023,Spring,47.22,69.80,16.50
99999900170,2023,Summer,68.45,82.80,50.40
99999900170,2023,Winter,26.86,45.00,-0.70
99999900170,2024,Fall,46.05,80.20,16.50
99999900170,2024,Spring,46.30,74.80,28.70
99999900170,2024,Summer,71.03,82.60,50.30
99999900170,2024,Winter,31.97,45.90,12.50
99999900170,2025,Spring,35.25,39.50,25.60
99999900170,2025,Winter,28.15,50.50,12.70
99999900177,2015,Fall,72.94,87.00,44.40
99999900177,2015,Spring,68.13,80.90,39.30
99999900177,2015,Summer,82.89,88.00,75.00
99999900177,2015,Winter,52.05,72.00,34.20
99999900177,2016,Fall,73.46,84.90,48.10
99999900177,2016,Spring,69.91,83.50,51.20
99999900177,2016,Summer,83.00,88.80,70.90
99999900177,2016,Winter,55.07,74.20,35.00
99999900177,2017,Fall,71.22,85.20,50.50
99999900177,2017,Spring,71.12,85.30,55.20
99999900177,2017,Summer,84.07,89.70,76.10
99999900177,2017,Winter,57.40,73.80,30.50
99999900177,2018,Fall,67.49,85.90,38.40
99999900177,2018,Spring,71.05,83.50,51.70
99999900177,2018,Summer,84.73,91.50,77.40
99999900177,2018,Winter,52.97,72.20,28.80
99999900177,2019,Fall,71.57,88.30,37.50
99999900177,2019,Spring,68.84,83.20,36.80
99999900177,2019,Summer,84.12,101.60,72.80
99999900177,2019,Winter,54.24,69.60,38.00
99999900177,2020,Fall,73.17,89.30,48.00
99999900177,2020,Spring,72.66,84.50,55.80
99999900177,2020,Summer,86.47,92.70,78.40
99999900177,2020,Winter,56.81,74.10,42.20
99999900177,2021,Fall,71.33,87.60,51.80
99999900177,2021,Spring,71.71,88.80,54.90
99999900177,2021,Summer,83.34,88.80,74.00
99999900177,2021,Winter,57.30,75.50,20.30
99999900177,2022,Fall,73.13,93.20,46.20
99999900177,2022,Spring,72.51,95.00,42.10
99999900177,2022,Summer,87.92,94.60,78.30
99999900177,2022,Winter,54.27,75.70,32.40
99999900177,2023,Fall,75.70,91.80,47.90
99999900177,2023,Spring,73.75,74.80,72.70
99999900177,2023,Summer,89.91,94.10,82.20
99999900177,2023,Winter,58.95,74.20,37.10
99999900177,2024,Fall,70.14,80.90,45.10
99999900177,2024,Spring,74.15,92.40,55.00
99999900177,2024,Summer,83.96,88.10,75.40
99999900177,2024,Winter,57.24,74.50,28.40
99999900177,2025,Spring,70.02,80.90,52.90
99999900177,2025,Winter,53.34,75.30,29.80
99999900179,2015,Fall,48.44,75.60,17.80
99999900179,2015,Spring,42.93,70.30,-5.70
99999900179,2015,Summer,66.09,74.80,54.70
99999900179,2015,Winter,16.25,38.00,-8.70
99999900179,2016,Fall,47.85,68.80,20.00
99999900179,2016,Spring,44.64,70.00,14.40
99999900179,2016,Summer,66.70,75.90,55.80
99999900179,2016,Winter,18.59,38.50,-13.20
99999900179,2017,Fall,44.49,73.30,10.00
99999900179,2017,Spring,41.82,62.90,6.20
99999900179,2017,Summer,65.21,77.50,54.30
99999900179,2017,Winter,18.08,45.90,-16.70
99999900179,2018,Fall,39.39,75.30,4.60
99999900179,2018,Spring,40.32,75.90,14.90
99999900179,2018,Summer,66.12,76.00,54.80
99999900179,2018,Winter,14.48,34.50,-10.10
99999900179,2019,Fall,42.81,73.70,5.70
99999900179,2019,Spring,37.37,70.80,-10.10
99999900179,2019,Summer,66.18,76.80,54.20
99999900179,2019,Winter,10.27,32.40,-27.70
99999900179,2020,Fall,42.59,66.70,16.50
99999900179,2020,Spring,41.18,67.90,20.90
99999900179,2020,Summer,68.51,80.50,58.90
99999900179,2020,Winter,17.25,36.70,-12.20
99999900179,2021,Fall,47.16,71.40,13.60
99999900179,2021,Spring,43.97,73.60,14.00
99999900179,2021,Summer,70.14,82.20,54.50
99999900179,2021,Winter,14.96,36.60,-16.60
99999900179,2022,Fall,45.01,72.80,15.10
99999900179,2022,Spring,38.57,67.80,3.70
99999900179,2022,Summer,67.57,84.70,55.60
99999900179,2022,Winter,8.62,31.60,-20.10
99999900179,2023,Fall,45.46,79.20,12.40
99999900179,2023,Spring,39.43,72.10,8.70
99999900179,2023,Summer,68.09,80.30,57.60
99999900179,2023,Winter,20.21,42.20,-11.50
99999900179,2024,Fall,48.35,73.70,4.30
99999900179,2024,Spring,43.52,67.10,18.70
99999900179,2024,Summer,66.59,78.80,47.80
99999900179,2024,Winter,21.49,40.90,-9.20
99999900179,2025,Spring,37.67,59.50,22.80
99999900179,2025,Winter,12.01,30.70,-17.30
99999900180,2015,Fall,51.74,78.20,16.30
99999900180,2015,Spring,46.25,69.90,1.80
99999900180,2015,Summer,68.56,78.10,55.90
99999900180,2015,Winter,20.76,43.40,-7.20
99999900180,2016,Fall,51.73,72.90,26.80
99999900180,2016,Spring,48.26,71.70,19.80
99999900180,2016,Summer,70.02,80.90,59.60
99999900180,2016,Winter,21.78,41.40,-9.90
99999900180,2017,Fall,48.75,79.10,15.30
99999900180,2017,Spring,45.39,66.60,13.90
99999900180,2017,Summer,68.04,80.80,58.00
99999900180,2017,Winter,23.38,51.80,-9.60
99999900180,2018,Fall,44.62,78.20,14.80
99999900180,2018,Spring,43.88,82.30,17.30
99999900180,2018,Summer,70.09,84.40,59.10
99999900180,2018,Winter,19.09,35.90,-7.20
99999900180,2019,Fall,46.69,74.40,10.90
99999900180,2019,Spring,41.69,70.70,-3.20
99999900180,2019,Summer,66.56,75.40,56.40
99999900180,2019,Winter,18.84,36.90,-8.20
99999900180,2020,Fall,45.72,70.80,22.20
99999900180,2020,Spring,45.14,70.60,24.40
99999900180,2020,Summer,70.28,80.60,57.20
99999900180,2020,Winter,21.30,39.10,-4.00
99999900180,2021,Fall,49.66,72.10,21.60
99999900180,2021,Spring,46.78,73.90,17.40
99999900180,2021,Summer,71.22,83.10,56.70
99999900180,2021,Winter,18.17,42.60,-13.20
99999900180,2022,Fall,47.76,75.30,17.40
99999900180,2022,Spring,42.26,73.30,9.30
99999900180,2022,Summer,69.65,86.30,58.20
99999900180,2022,Winter,13.67,34.00,-9.50
99999900180,2023,Fall,49.74,81.20,14.80
99999900180,2023,Spring,43.82,72.20,14.60
99999900180,2023,Summer,69.62,84.80,57.00
99999900180,2023,Winter,24.81,49.60,-6.40
99999900180,2024,Fall,50.80,73.80,12.60
99999900180,2024,Spring,46.76,69.10,22.20
99999900180,2024,Summer,67.68,79.60,57.10
99999900180,2024,Winter,25.17,44.80,-3.60
99999900180,2025,Spring,38.75,58.50,18.60
99999900180,2025,Winter,15.59,44.00,-11.90
99999900209,2015,Fall,65.63,85.40,34.10
99999900209,2015,Spring,61.35,75.20,26.90
99999900209,2015,Summer,78.05,88.30,41.20
99999900209,2015,Winter,44.19,67.00,22.70
99999900210,2015,Fall,58.81,73.20,32.10
99999900210,2015,Spring,55.89,78.80,24.00
99999900210,2015,Summer,71.47,79.50,62.40
99999900210,2015,Winter,37.87,63.90,6.80
99999900210,2016,Fall,59.87,85.80,33.00
99999900210,2016,Summer,75.33,85.20,63.60
99999900210,2016,Winter,38.13,56.70,14.80
99999900210,2017,Fall,58.18,74.70,36.10
99999900210,2017,Spring,58.04,74.50,24.70
99999900210,2017,Summer,72.47,80.20,63.10
99999900210,2017,Winter,43.53,61.60,12.40
99999900210,2018,Fall,58.72,83.00,25.40
99999900210,2018,Spring,55.79,77.00,31.20
99999900210,2018,Summer,73.78,81.50,64.60
99999900210,2018,Winter,41.62,66.10,12.30
99999900210,2019,Fall,60.27,78.60,27.00
99999900210,2019,Spring,57.88,75.90,28.80
99999900210,2019,Summer,73.05,85.60,60.10
99999900210,2019,Winter,43.38,64.20,17.20
99999900210,2020,Fall,59.44,77.20,37.50
99999900210,2020,Spring,57.02,74.40,37.60
99999900210,2020,Summer,73.52,80.20,59.90
99999900210,2020,Winter,41.87,73.70,18.10
99999900210,2021,Fall,57.01,73.50,29.40
99999900210,2021,Spring,56.12,74.50,34.80
99999900210,2021,Summer,73.72,82.40,64.90
99999900210,2021,Winter,42.03,62.40,25.40
99999900210,2022,Fall,56.78,76.20,30.50
99999900210,2022,Spring,57.90,74.50,25.10
99999900210,2022,Summer,73.85,81.80,63.70
99999900210,2022,Winter,39.77,64.30,2.40
99999900210,2023,Fall,59.72,75.20,35.50
99999900210,2023,Spring,56.27,70.60,31.00
99999900210,2023,Summer,72.01,79.70,56.90
99999900210,2023,Winter,44.92,66.00,28.50
99999900210,2024,Fall,59.59,73.80,26.60
99999900210,2024,Spring,58.48,72.40,37.30
99999900210,2024,Summer,73.95,81.20,61.80
99999900210,2024,Winter,40.63,61.50,14.90
99999900210,2025,Spring,48.49,67.60,33.40
99999900210,2025,Winter,36.65,60.00,12.90
99999900234,2015,Fall,61.54,83.60,33.70
99999900234,2015,Spring,58.98,76.90,20.80
99999900234,2015,Summer,78.40,86.50,62.10
99999900234,2015,Winter,38.95,67.40,14.80
99999900234,2016,Fall,64.27,81.60,37.70
99999900234,2016,Spring,60.76,77.10,39.60
99999900234,2016,Summer,80.14,87.70,72.90
99999900234,2016,Winter,39.86,65.90,19.00
99999900234,2017,Fall,62.31,81.80,37.70
99999900234,2017,Spring,61.39,79.10,30.80
99999900234,2017,Summer,78.01,87.60,69.70
99999900234,2017,Winter,45.49,66.10,17.20
99999900234,2018,Fall,59.48,83.70,29.80
99999900234,2018,Spring,60.32,84.00,38.10
99999900234,2018,Summer,80.08,87.70,70.10
99999900234,2018,Winter,42.90,61.70,31.20
99999900234,2019,Fall,60.88,81.20,24.10
99999900234,2019,Spring,57.93,81.10,22.70
99999900234,2019,Summer,78.40,92.70,66.10
99999900234,2019,Winter,41.44,61.80,23.20
99999900234,2020,Fall,60.41,79.00,39.90
99999900234,2020,Spring,60.05,79.90,42.00
99999900234,2020,Summer,79.58,86.40,70.50
99999900234,2020,Winter,41.61,59.80,23.40
99999900234,2021,Fall,61.80,78.30,34.90
99999900234,2021,Spring,60.20,81.10,40.90
99999900234,2021,Summer,79.64,91.10,64.20
99999900234,2021,Winter,40.60,67.30,6.20
99999900234,2022,Fall,60.03,82.90,32.50
99999900234,2022,Spring,60.49,82.50,28.20
99999900234,2022,Summer,80.54,89.30,71.40
99999900234,2022,Winter,37.94,60.90,3.00
99999900234,2023,Fall,61.75,79.60,35.90
99999900234,2023,Spring,61.12,81.10,32.20
99999900234,2023,Summer,78.43,87.40,69.30
99999900234,2023,Winter,45.77,64.50,23.50
99999900234,2024,Fall,62.94,79.20,32.50
99999900234,2024,Spring,64.22,78.90,41.80
99999900234,2024,Summer,78.82,86.20,69.00
99999900234,2024,Winter,42.24,68.50,6.90
99999900234,2025,Spring,58.79,75.30,39.50
99999900234,2025,Winter,36.35,58.60,14.20
99999900236,2015,Fall,54.59,80.60,17.50
99999900236,2015,Spring,48.77,73.50,8.80
99999900236,2015,Summer,69.85,80.40,54.90
99999900236,2015,Winter,24.18,55.10,-2.90
99999900236,2016,Fall,55.79,80.40,26.40
99999900236,2016,Spring,49.56,74.00,17.30
99999900236,2016,Summer,72.04,81.60,59.60
99999900236,2016,Winter,25.35,52.00,-2.50
99999900236,2017,Fall,52.64,79.30,20.30
99999900236,2017,Spring,48.18,75.40,18.00
99999900236,2017,Summer,69.45,83.60,57.10
99999900236,2017,Winter,27.87,56.80,-1.70
99999900236,2018,Fall,48.39,77.90,22.40
99999900236,2018,Spring,46.54,81.10,24.00
99999900236,2018,Summer,71.54,84.80,62.40
99999900236,2018,Winter,25.55,45.90,-5.40
99999900236,2019,Fall,49.56,75.20,12.30
99999900236,2019,Spring,45.60,72.80,0.00
99999900236,2019,Summer,69.82,83.00,57.50
99999900236,2019,Winter,23.60,47.90,-17.30
99999900236,2020,Fall,50.55,70.20,31.90
99999900236,2020,Spring,47.57,77.50,29.30
99999900236,2020,Summer,72.52,83.50,58.60
99999900236,2020,Winter,27.00,42.00,0.00
99999900236,2021,Fall,53.33,74.20,21.30
99999900236,2021,Spring,49.97,76.60,24.10
99999900236,2021,Summer,72.99,85.60,59.40
99999900236,2021,Winter,24.08,54.70,-5.60
99999900236,2022,Fall,51.24,75.50,18.60
99999900236,2022,Spring,47.31,82.90,12.80
99999900236,2022,Summer,70.99,85.40,56.80
99999900236,2022,Winter,21.20,43.70,-7.20
99999900236,2023,Fall,53.06,81.50,17.80
99999900236,2023,Spring,48.27,75.30,17.40
99999900236,2023,Summer,71.46,88.30,53.80
99999900236,2023,Winter,31.35,52.00,-5.00
99999900236,2024,Fall,53.81,75.10,16.50
99999900236,2024,Spring,50.94,71.80,28.40
99999900236,2024,Summer,71.14,86.90,59.50
99999900236,2024,Winter,29.27,59.20,-3.30
99999900236,2025,Spring,43.00,59.70,23.10
99999900236,2025,Winter,22.00,45.00,-4.90
99999900237,2015,Fall,49.32,78.00,17.90
99999900237,2015,Spring,43.56,66.90,-3.70
99999900237,2015,Summer,66.38,75.70,53.30
99999900237,2015,Winter,18.71,40.00,-8.30
99999900237,2016,Fall,49.60,70.70,23.10
99999900237,2016,Spring,44.90,70.00,14.40
99999900237,2016,Summer,66.95,79.30,55.30
99999900237,2016,Winter,21.16,38.50,-9.90
99999900237,2017,Fall,46.36,77.70,10.20
99999900237,2017,Spring,42.57,62.90,10.30
99999900237,2017,Summer,64.97,76.80,54.60
99999900237,2017,Winter,20.39,46.80,-14.00
99999900237,2018,Fall,39.60,75.60,10.80
99999900237,2018,Spring,41.58,76.40,15.60
99999900237,2018,Summer,67.40,79.10,49.60
99999900237,2018,Winter,16.85,35.10,-10.30
99999900237,2019,Fall,44.47,72.90,7.90
99999900237,2019,Spring,39.51,66.60,-6.00
99999900237,2019,Summer,65.95,75.80,54.00
99999900237,2019,Winter,14.04,35.80,-23.60
99999900237,2020,Fall,43.53,66.80,19.50
99999900237,2020,Spring,42.80,69.10,23.50
99999900237,2020,Summer,68.59,80.40,55.10
99999900237,2020,Winter,19.88,36.50,-6.00
99999900237,2021,Fall,47.93,70.70,19.10
99999900237,2021,Spring,44.89,72.70,16.90
99999900237,2021,Summer,69.35,81.90,48.60
99999900237,2021,Winter,16.69,41.10,-19.00
99999900237,2022,Fall,46.22,74.00,15.90
99999900237,2022,Spring,40.46,72.80,4.40
99999900237,2022,Summer,67.01,84.10,56.00
99999900237,2022,Winter,11.37,33.00,-14.40
99999900237,2023,Fall,51.65,79.00,25.20
99999900237,2023,Spring,41.44,72.20,11.10
99999900237,2023,Summer,67.15,79.40,55.50
99999900237,2023,Winter,23.24,46.70,-10.30
99999900237,2024,Fall,49.46,75.10,13.30
99999900237,2024,Spring,45.10,71.30,20.40
99999900237,2024,Summer,66.97,79.80,56.10
99999900237,2024,Winter,23.82,45.40,-7.50
99999900237,2025,Spring,36.92,58.90,15.80
99999900237,2025,Winter,12.85,42.60,-17.00
99999900238,2015,Fall,49.49,77.40,17.40
99999900238,2015,Spring,43.61,70.70,-4.20
99999900238,2015,Summer,67.14,76.40,56.60
99999900238,2015,Winter,16.36,39.30,-8.60
99999900238,2016,Fall,48.69,70.20,19.30
99999900238,2016,Spring,45.57,70.40,14.60
99999900238,2016,Summer,67.80,77.00,56.30
99999900238,2016,Winter,17.92,39.60,-17.20
99999900238,2017,Fall,44.33,74.50,10.90
99999900238,2017,Spring,42.67,64.70,6.40
99999900238,2017,Summer,66.68,79.20,55.70
99999900238,2017,Winter,18.56,47.80,-16.40
99999900238,2018,Fall,40.11,75.90,5.80
99999900238,2018,Spring,41.17,77.60,13.80
99999900238,2018,Summer,68.42,79.40,56.20
99999900238,2018,Winter,14.66,34.30,-11.40
99999900238,2019,Fall,43.63,75.00,6.60
99999900238,2019,Spring,38.48,70.80,-12.00
99999900238,2019,Summer,66.98,77.20,55.60
99999900238,2019,Winter,10.77,33.00,-29.60
99999900238,2020,Fall,43.13,67.50,15.80
99999900238,2020,Spring,41.93,68.90,20.30
99999900238,2020,Summer,69.66,82.80,60.80
99999900238,2020,Winter,17.25,34.40,-12.60
99999900238,2021,Fall,48.16,72.70,13.40
99999900238,2021,Spring,44.79,74.60,13.70
99999900238,2021,Summer,71.14,83.40,55.90
99999900238,2021,Winter,14.76,37.90,-16.90
99999900238,2022,Fall,44.88,74.20,14.60
99999900238,2022,Spring,40.05,69.30,4.50
99999900238,2022,Summer,69.69,87.10,61.80
99999900238,2022,Winter,9.09,31.80,-17.80
99999900238,2023,Fall,47.77,81.30,12.20
99999900238,2023,Spring,39.98,74.20,7.80
99999900238,2023,Summer,69.08,80.80,58.70
99999900238,2023,Winter,19.91,43.50,-11.60
99999900238,2024,Fall,48.44,73.20,2.40
99999900238,2024,Spring,44.32,67.70,17.60
99999900238,2024,Summer,67.25,78.90,56.70
99999900238,2024,Winter,21.78,42.10,-10.50
99999900238,2025,Spring,35.81,56.60,15.00
99999900238,2025,Winter,10.38,40.10,-17.70
99999900258,2015,Fall,58.06,75.80,34.30
99999900258,2015,Spring,55.86,69.70,34.90
99999900258,2015,Summer,75.67,85.80,64.80
99999900258,2015,Winter,36.23,54.30,17.70
99999900258,2016,Fall,59.47,78.30,28.00
99999900258,2016,Spring,56.69,72.30,38.80
99999900258,2016,Summer,77.06,86.20,63.50
99999900258,2016,Winter,37.80,57.50,23.40
99999900258,2017,Fall,59.26,78.00,35.10
99999900258,2017,Spring,58.08,76.30,37.40
99999900258,2017,Summer,76.87,86.20,65.20
99999900258,2017,Winter,40.08,57.30,24.20
99999900258,2018,Fall,61.47,86.00,41.20
99999900258,2018,Spring,60.17,77.90,36.30
99999900258,2018,Summer,77.90,86.70,66.20
99999900258,2018,Winter,39.23,52.60,24.80
99999900263,2015,Fall,67.62,82.10,38.70
99999900263,2015,Spring,64.51,79.50,36.00
99999900263,2015,Summer,78.83,86.00,71.30
99999900263,2015,Winter,48.70,67.60,31.10
99999900263,2016,Fall,68.35,81.30,41.20
99999900263,2016,Spring,64.92,78.20,45.00
99999900263,2016,Summer,78.81,84.40,67.30
99999900263,2016,Winter,50.40,70.30,29.70
99999900263,2017,Fall,66.30,80.50,45.30
99999900263,2017,Spring,66.26,79.30,47.40
99999900263,2017,Summer,78.85,88.20,69.50
99999900263,2017,Winter,53.15,69.00,27.00
99999900263,2018,Fall,62.90,82.00,35.60
99999900263,2018,Spring,66.33,80.80,45.90
99999900263,2018,Summer,80.35,86.80,72.20
99999900263,2018,Winter,48.57,67.30,24.00
99999900263,2019,Fall,66.35,82.60,31.80
99999900263,2019,Spring,63.90,78.90,31.60
99999900263,2019,Summer,79.59,95.40,68.10
99999900263,2019,Winter,50.03,65.10,33.00
99999900263,2020,Fall,65.54,82.20,38.00
99999900263,2020,Spring,66.83,79.50,47.70
99999900263,2020,Summer,79.75,86.40,70.90
99999900263,2020,Winter,50.42,66.00,36.40
99999900263,2021,Fall,66.35,81.40,46.10
99999900263,2021,Spring,64.64,81.10,47.20
99999900263,2021,Summer,77.52,82.20,65.80
99999900263,2021,Winter,50.94,69.00,13.60
99999900263,2022,Fall,65.99,82.10,38.40
99999900263,2022,Spring,67.27,81.20,37.50
99999900263,2022,Summer,81.57,87.40,73.40
99999900263,2022,Winter,47.45,71.00,19.20
99999900263,2023,Fall,67.92,86.20,39.00
99999900263,2023,Spring,65.42,77.00,42.20
99999900263,2023,Summer,82.66,87.70,70.20
99999900263,2023,Winter,52.61,71.60,29.80
99999900263,2024,Fall,68.72,82.20,37.60
99999900263,2024,Spring,68.30,85.20,49.30
99999900263,2024,Summer,80.64,88.50,72.30
99999900263,2024,Winter,51.89,68.80,20.80
99999900263,2025,Spring,65.10,76.20,46.90
99999900263,2025,Winter,47.58,69.90,25.60
99999900277,2024,Fall,57.78,73.90,29.80
99999900277,2024,Winter,44.63,61.10,27.70
99999900277,2025,Spring,57.82,77.50,38.70
99999900277,2025,Winter,40.35,65.60,19.00
99999900288,2015,Fall,45.33,77.20,11.50
99999900288,2015,Spring,49.93,69.80,32.50
99999900288,2015,Summer,66.33,82.50,54.10
99999900288,2015,Winter,14.32,35.40,-18.00
99999900288,2016,Fall,46.50,71.20,22.10
99999900288,2016,Spring,42.30,68.70,4.10
99999900288,2016,Summer,65.15,75.80,52.10
99999900288,2016,Winter,13.38,33.00,-16.40
99999900288,2017,Fall,40.85,71.00,3.90
99999900288,2017,Spring,45.63,62.40,28.60
99999900288,2017,Summer,65.10,82.60,49.90
99999900288,2017,Winter,6.04,31.70,-23.10
99999900288,2018,Fall,34.67,67.00,-0.10
99999900288,2018,Spring,39.62,74.40,9.40
99999900288,2018,Summer,66.40,79.00,52.90
99999900288,2018,Winter,9.46,33.30,-18.30
99999900288,2019,Fall,36.01,80.80,5.00
99999900288,2019,Spring,28.90,55.30,-13.50
99999900288,2019,Winter,3.39,28.50,-30.60
99999900288,2020,Fall,40.06,71.10,13.70
99999900288,2020,Spring,37.09,68.30,4.90
99999900288,2020,Summer,67.40,79.00,53.40
99999900288,2020,Winter,14.07,34.30,-18.20
99999900288,2021,Fall,45.51,74.50,0.70
99999900288,2021,Spring,40.61,69.10,-1.30
99999900288,2021,Summer,67.81,78.70,54.20
99999900288,2021,Winter,9.08,33.30,-27.60
99999900288,2022,Fall,40.42,71.50,6.20
99999900288,2022,Spring,34.91,66.80,-3.90
99999900288,2022,Summer,66.53,82.40,49.80
99999900288,2022,Winter,2.98,28.60,-22.80
99999900288,2023,Fall,43.47,74.90,8.50
99999900288,2023,Spring,27.54,75.80,-0.40
99999900288,2023,Summer,66.39,82.60,56.10
99999900288,2023,Winter,13.19,36.60,-19.50
99999900288,2024,Fall,44.87,70.60,-9.00
99999900288,2024,Spring,39.12,63.00,7.60
99999900288,2024,Summer,61.08,75.20,54.80
99999900288,2024,Winter,15.55,38.00,-15.90
99999900288,2025,Spring,29.92,52.60,3.90
99999900288,2025,Winter,2.15,34.20,-24.90
99999900319,2015,Fall,55.57,82.80,21.70
99999900319,2015,Spring,52.22,71.80,22.10
99999900319,2015,Summer,75.47,86.20,60.50
99999900319,2015,Winter,32.24,54.50,5.60
99999900319,2016,Fall,54.43,75.40,23.90
99999900319,2016,Spring,50.79,71.80,29.70
99999900319,2016,Summer,75.30,88.50,60.30
99999900319,2016,Winter,32.16,54.00,1.20
99999900319,2017,Fall,58.40,77.70,34.10
99999900319,2017,Spring,51.05,82.40,33.30
99999900319,2017,Summer,72.80,86.50,60.50
99999900319,2017,Winter,30.87,51.50,0.90
99999900319,2018,Fall,49.42,79.00,25.20
99999900319,2018,Spring,50.28,78.80,24.10
99999900319,2018,Summer,73.58,84.40,58.30
99999900319,2018,Winter,30.24,46.30,5.60
99999900319,2019,Fall,51.74,82.60,17.40
99999900319,2019,Spring,46.86,71.80,4.20
99999900319,2019,Summer,73.03,86.90,56.70
99999900319,2019,Winter,29.52,42.00,5.50
99999900319,2020,Fall,51.57,81.80,13.20
99999900319,2020,Spring,49.63,74.60,24.30
99999900319,2020,Summer,76.09,85.30,56.90
99999900319,2020,Winter,32.87,57.60,11.80
99999900319,2021,Fall,55.46,79.90,27.70
99999900319,2021,Spring,49.64,79.10,29.20
99999900319,2021,Summer,75.28,87.00,58.40
99999900319,2021,Winter,30.34,50.70,-11.00
99999900319,2022,Fall,51.75,83.30,16.00
99999900319,2022,Spring,49.60,76.00,14.50
99999900319,2022,Summer,77.16,93.20,52.20
99999900319,2022,Winter,28.60,47.80,-7.20
99999900319,2023,Fall,53.21,82.80,19.10
99999900319,2023,Spring,48.48,80.00,25.30
99999900319,2023,Summer,72.22,87.00,57.50
99999900319,2023,Winter,30.53,45.10,2.70
99999900319,2024,Fall,53.41,77.00,26.80
99999900319,2024,Spring,49.56,70.20,25.20
99999900319,2024,Summer,74.99,92.20,59.50
99999900319,2024,Winter,33.28,49.80,-2.70
99999900319,2025,Spring,46.99,65.90,33.50
99999900319,2025,Winter,26.07,50.80,-3.60
99999900321,2015,Fall,48.43,79.60,14.20
99999900321,2015,Spring,43.43,69.20,0.70
99999900321,2015,Summer,68.09,80.70,55.20
99999900321,2015,Winter,15.75,40.20,-7.90
99999900321,2016,Spring,39.15,60.10,15.20
99999900321,2016,Winter,19.47,38.90,-13.30
99999900321,2017,Fall,27.76,44.70,12.10
99999900321,2017,Winter,16.57,34.80,-18.60
99999900321,2018,Fall,39.20,77.50,8.30
99999900321,2018,Spring,40.53,77.00,11.10
99999900321,2018,Summer,69.00,82.00,55.10
99999900321,2018,Winter,13.50,34.80,-14.20
99999900321,2019,Fall,43.24,77.00,7.20
99999900321,2019,Spring,37.47,71.20,-12.20
99999900321,2019,Summer,67.34,79.80,54.70
99999900321,2019,Winter,8.00,34.10,-28.40
99999900321,2020,Fall,43.08,66.80,12.90
99999900321,2020,Spring,40.89,68.80,12.30
99999900321,2020,Summer,70.21,83.30,59.90
99999900321,2020,Winter,17.22,38.10,-15.60
99999900321,2021,Fall,48.02,75.30,11.90
99999900321,2021,Spring,44.22,71.30,14.50
99999900321,2021,Summer,71.54,83.70,57.10
99999900321,2021,Winter,14.96,40.50,-18.40
99999900321,2022,Fall,44.17,75.60,10.80
99999900321,2022,Spring,38.69,68.90,5.50
99999900321,2022,Summer,69.78,84.90,56.40
99999900321,2022,Winter,7.30,33.70,-18.10
99999900321,2023,Fall,46.44,77.00,12.60
99999900321,2023,Spring,36.24,74.10,-0.50
99999900321,2023,Summer,69.09,84.10,57.40
99999900321,2023,Winter,16.35,39.20,-15.30
99999900321,2024,Fall,47.47,74.50,0.10
99999900321,2024,Spring,42.89,67.50,13.20
99999900321,2024,Summer,67.64,80.30,56.10
99999900321,2024,Winter,20.06,39.50,-14.40
99999900321,2025,Spring,36.19,56.40,15.50
99999900321,2025,Winter,9.34,40.00,-18.10
99999900322,2015,Fall,46.30,79.80,11.80
99999900322,2015,Spring,41.00,73.20,-4.10
99999900322,2015,Summer,66.95,84.00,52.70
99999900322,2015,Winter,13.24,36.60,-13.60
99999900322,2016,Fall,53.32,71.40,33.80
99999900322,2016,Spring,43.93,71.40,13.60
99999900322,2016,Summer,66.30,79.60,50.20
99999900322,2016,Winter,18.34,38.20,-10.30
99999900322,2017,Fall,42.06,74.00,3.60
99999900322,2017,Spring,40.45,65.20,-2.70
99999900322,2017,Summer,66.86,78.10,50.80
99999900322,2017,Winter,14.71,35.60,-23.00
99999900322,2018,Fall,37.14,69.70,7.90
99999900322,2018,Spring,38.62,74.60,7.00
99999900322,2018,Summer,67.49,82.20,52.60
99999900322,2018,Winter,11.84,36.90,-17.60
99999900322,2019,Fall,41.02,74.50,3.80
99999900322,2019,Spring,37.33,72.20,-10.80
99999900322,2019,Summer,66.12,78.70,54.50
99999900322,2019,Winter,6.49,32.00,-27.60
99999900322,2020,Fall,41.65,66.90,15.80
99999900322,2020,Spring,39.39,67.50,4.30
99999900322,2020,Summer,68.17,80.80,53.30
99999900322,2020,Winter,17.47,36.90,-15.90
99999900322,2021,Fall,46.87,72.90,7.80
99999900322,2021,Spring,42.73,68.90,7.40
99999900322,2021,Summer,70.54,83.80,55.00
99999900322,2021,Winter,12.66,40.80,-24.80
99999900322,2022,Fall,39.69,74.30,0.80
99999900322,2022,Spring,36.89,67.80,-2.20
99999900322,2022,Summer,67.72,84.50,56.00
99999900322,2022,Winter,6.15,34.40,-21.20
99999900322,2023,Fall,44.50,73.70,11.80
99999900322,2023,Spring,34.92,75.20,-0.20
99999900322,2023,Summer,67.61,79.30,54.70
99999900322,2023,Winter,16.72,42.00,-16.20
99999900322,2024,Fall,45.61,71.90,-6.30
99999900322,2024,Spring,40.52,65.20,6.60
99999900322,2024,Summer,65.97,77.00,53.70
99999900322,2024,Winter,17.99,41.50,-19.40
99999900322,2025,Spring,34.07,58.20,16.20
99999900322,2025,Winter,5.92,36.90,-23.00
99999900325,2015,Fall,64.51,78.60,44.60
99999900325,2015,Spring,69.66,81.00,44.50
99999900325,2015,Summer,80.61,86.50,71.50
99999900325,2015,Winter,53.73,73.50,33.40
99999900325,2016,Fall,72.43,81.70,56.20
99999900325,2016,Spring,66.89,78.70,49.80
99999900325,2016,Summer,80.66,91.10,74.40
99999900325,2016,Winter,50.23,68.00,37.50
99999900325,2017,Fall,68.33,80.70,48.10
99999900325,2017,Summer,81.49,94.10,76.90
99999900325,2017,Winter,53.14,69.70,38.30
99999900325,2018,Fall,68.72,86.60,41.50
99999900325,2018,Spring,66.08,86.90,46.00
99999900325,2018,Summer,79.06,85.50,73.00
99999900325,2018,Winter,54.55,73.80,30.60
99999900325,2019,Fall,70.76,84.30,40.70
99999900325,2019,Spring,67.68,84.20,43.80
99999900325,2019,Summer,80.07,85.50,75.40
99999900325,2019,Winter,56.30,77.80,39.00
99999900325,2020,Fall,70.65,83.00,50.50
99999900325,2020,Spring,69.39,79.30,50.40
99999900325,2020,Summer,79.67,84.20,72.00
99999900325,2020,Winter,53.70,73.10,34.60
99999900325,2021,Fall,66.92,80.40,44.20
99999900325,2021,Spring,66.47,80.80,49.00
99999900325,2021,Summer,78.88,85.20,71.30
99999900325,2021,Winter,55.70,75.30,35.90
99999900325,2022,Fall,67.54,79.70,44.80
99999900325,2022,Spring,67.70,80.00,41.60
99999900325,2022,Summer,79.72,86.30,75.60
99999900325,2022,Winter,52.86,74.60,25.50
99999900325,2023,Fall,67.28,81.40,41.10
99999900325,2023,Spring,68.04,81.10,44.00
99999900325,2023,Summer,80.70,86.60,71.80
99999900325,2023,Winter,57.07,75.40,40.70
99999900325,2024,Fall,69.57,82.30,40.00
99999900325,2024,Spring,68.18,80.90,51.10
99999900325,2024,Summer,80.83,85.40,72.60
99999900325,2024,Winter,52.71,68.80,32.20
99999900325,2025,Spring,63.27,76.20,48.60
99999900325,2025,Winter,51.69,71.30,29.10
99999900335,2015,Fall,64.49,77.10,46.30
99999900335,2015,Spring,79.25,93.90,71.00
99999900335,2015,Summer,83.75,91.60,75.10
99999900335,2015,Winter,63.25,73.90,44.30
99999900335,2016,Fall,73.36,86.80,51.20
99999900335,2016,Spring,68.46,83.70,-21.40
99999900335,2016,Summer,84.28,91.70,78.60
99999900335,2016,Winter,52.44,71.70,35.70
99999900335,2017,Fall,65.82,78.90,44.50
99999900335,2017,Spring,70.90,87.40,41.30
99999900335,2017,Summer,78.93,83.80,71.70
99999900335,2017,Winter,57.21,71.20,36.60
99999900335,2018,Fall,66.85,83.90,37.00
99999900335,2018,Spring,63.85,80.00,42.90
99999900335,2018,Summer,78.69,85.20,73.80
99999900335,2018,Winter,50.83,71.00,24.90
99999900335,2019,Fall,68.91,86.80,34.00
99999900335,2019,Spring,72.04,84.90,50.40
99999900335,2019,Summer,79.96,94.50,72.10
99999900335,2019,Winter,51.91,67.40,38.50
99999900335,2020,Fall,67.19,82.70,48.40
99999900335,2020,Spring,65.96,78.80,47.40
99999900335,2020,Summer,78.70,85.10,65.50
99999900335,2020,Winter,50.06,68.00,32.50
99999900335,2021,Fall,64.56,79.10,43.10
99999900335,2021,Spring,64.95,81.70,44.80
99999900335,2021,Summer,77.71,83.60,71.10
99999900335,2021,Winter,51.69,71.90,34.80
99999900335,2022,Fall,65.80,84.80,40.70
99999900335,2022,Spring,65.73,79.90,36.90
99999900335,2022,Summer,79.42,88.50,74.00
99999900335,2022,Winter,49.70,74.00,19.10
99999900335,2023,Fall,64.78,82.10,41.30
99999900335,2023,Spring,64.62,77.60,39.70
99999900335,2023,Summer,79.34,87.80,69.50
99999900335,2023,Winter,53.69,73.10,36.30
99999900335,2024,Fall,62.19,82.50,35.80
99999900335,2024,Spring,66.37,78.30,46.40
99999900335,2024,Summer,80.93,91.00,72.50
99999900335,2024,Winter,49.45,68.40,26.40
99999900335,2025,Spring,61.89,75.30,46.30
99999900335,2025,Winter,47.55,69.30,25.20
99999900349,2015,Fall,64.31,83.50,31.70
99999900349,2015,Spring,61.42,75.10,28.20
99999900349,2015,Summer,80.50,88.80,69.50
99999900349,2015,Winter,43.46,64.60,20.90
99999900349,2016,Fall,65.24,79.10,38.80
99999900349,2016,Spring,64.20,81.60,43.20
99999900349,2016,Summer,80.61,90.80,66.60
99999900349,2016,Winter,45.80,67.30,17.60
99999900349,2017,Fall,65.47,84.40,41.40
99999900349,2017,Spring,64.99,83.50,44.50
99999900349,2017,Summer,79.31,91.20,67.10
99999900349,2017,Winter,47.68,68.50,19.60
99999900349,2018,Fall,59.48,80.40,32.00
99999900349,2018,Spring,66.65,88.50,44.30
99999900349,2018,Summer,81.90,90.10,69.30
99999900349,2018,Winter,43.87,63.50,15.50
99999900349,2019,Fall,63.18,82.60,28.90
99999900349,2019,Spring,61.28,80.10,24.70
99999900349,2019,Summer,81.75,101.30,65.10
99999900349,2019,Winter,46.43,66.50,26.40
99999900349,2020,Fall,63.48,83.00,27.00
99999900349,2020,Spring,65.56,87.60,41.20
99999900349,2020,Summer,83.84,95.30,70.70
99999900349,2020,Winter,45.03,60.80,25.90
99999900349,2021,Fall,66.27,83.40,44.40
99999900349,2021,Spring,62.18,88.60,38.70
99999900349,2021,Summer,78.53,88.40,66.30
99999900349,2021,Winter,46.23,65.60,6.80
99999900349,2022,Fall,62.06,78.80,32.50
99999900349,2022,Spring,66.87,87.30,33.70
99999900349,2022,Summer,83.13,91.80,64.70
99999900349,2022,Winter,41.78,60.50,14.30
99999900349,2023,Fall,65.98,89.50,35.90
99999900349,2023,Spring,63.55,80.00,40.80
99999900349,2023,Summer,84.97,94.50,64.40
99999900349,2023,Winter,47.05,64.60,22.30
99999900349,2024,Fall,61.13,80.70,37.60
99999900349,2024,Spring,65.95,84.10,40.80
99999900349,2024,Summer,83.03,92.90,69.70
99999900349,2024,Winter,48.61,71.10,24.90
99999900349,2025,Spring,61.98,78.20,40.10
99999900349,2025,Winter,41.96,74.00,20.20
99999900378,2015,Fall,69.12,82.30,43.10
99999900378,2015,Spring,67.71,78.90,39.20
99999900378,2015,Summer,80.98,88.30,74.60
99999900378,2015,Winter,52.60,75.90,35.50
99999900378,2016,Fall,70.87,83.30,45.00
99999900378,2016,Spring,68.34,81.00,47.40
99999900378,2016,Summer,80.74,92.30,70.50
99999900378,2016,Winter,53.76,74.70,36.00
99999900378,2017,Fall,68.77,80.90,46.40
99999900378,2017,Spring,69.06,82.10,51.50
99999900378,2017,Summer,80.07,85.90,70.50
99999900378,2017,Winter,56.56,73.70,30.10
99999900378,2018,Fall,66.71,82.50,38.40
99999900378,2018,Spring,67.98,81.10,46.70
99999900378,2018,Summer,81.26,86.00,74.00
99999900378,2018,Winter,52.27,73.50,25.00
99999900378,2019,Fall,67.58,83.00,35.50
99999900378,2019,Spring,67.00,81.40,36.50
99999900378,2019,Summer,80.63,95.30,73.00
99999900378,2019,Winter,52.92,71.60,37.30
99999900378,2020,Fall,68.66,85.80,47.90
99999900378,2020,Spring,69.42,80.90,49.50
99999900378,2020,Summer,80.60,85.80,73.50
99999900378,2020,Winter,52.97,71.20,38.40
99999900378,2021,Fall,69.92,83.50,49.60
99999900378,2021,Spring,66.82,80.80,48.70
99999900378,2021,Summer,80.15,84.40,71.90
99999900378,2021,Winter,55.35,77.30,19.00
99999900378,2022,Fall,82.30,82.30,82.30
99999900378,2022,Spring,70.10,85.00,43.10
99999900378,2022,Summer,85.73,96.10,76.10
99999900378,2022,Winter,52.25,77.70,31.50
99999900378,2023,Fall,70.43,88.50,45.10
99999900378,2023,Spring,71.25,84.00,57.50
99999900378,2023,Summer,85.88,91.90,74.10
99999900378,2023,Winter,54.56,74.20,41.30
99999900378,2024,Fall,70.39,83.30,38.10
99999900378,2024,Spring,71.21,84.20,52.70
99999900378,2024,Summer,82.67,86.80,76.00
99999900378,2024,Winter,54.87,74.90,26.50
99999900378,2025,Spring,65.72,76.80,50.70
99999900378,2025,Winter,50.29,72.90,27.70
99999900379,2015,Fall,57.46,80.90,34.50
99999900379,2015,Spring,51.26,76.90,17.10
99999900379,2015,Summer,72.87,82.60,53.80
99999900379,2015,Winter,32.38,65.50,8.00
99999900379,2016,Fall,57.15,82.60,36.60
99999900379,2016,Spring,52.96,79.40,30.10
99999900379,2016,Summer,74.90,83.80,60.20
99999900379,2016,Winter,33.69,50.90,10.30
99999900379,2017,Fall,56.46,76.30,27.80
99999900379,2017,Spring,51.73,80.80,23.10
99999900379,2017,Summer,72.07,82.00,57.40
99999900379,2017,Winter,35.87,63.90,15.90
99999900379,2018,Fall,51.11,81.70,21.80
99999900379,2018,Spring,50.53,79.60,32.70
99999900379,2018,Summer,74.21,85.60,60.30
99999900379,2018,Winter,34.80,58.40,10.50
99999900379,2019,Fall,55.39,78.10,27.20
99999900379,2019,Spring,54.17,74.10,26.60
99999900379,2019,Summer,74.66,86.40,58.80
99999900379,2019,Winter,32.82,51.30,5.20
99999900379,2020,Fall,55.95,75.70,32.70
99999900379,2020,Spring,51.01,74.80,33.80
99999900379,2020,Summer,74.31,84.50,58.00
99999900379,2020,Winter,36.32,61.70,20.60
99999900379,2021,Fall,56.31,77.40,32.80
99999900379,2021,Spring,52.36,78.70,29.00
99999900379,2021,Summer,73.53,83.20,60.60
99999900379,2021,Winter,35.02,54.00,20.20
99999900379,2022,Fall,54.99,77.40,30.80
99999900379,2022,Spring,52.14,80.20,24.70
99999900379,2022,Summer,74.27,83.30,61.90
99999900379,2022,Winter,32.26,59.80,8.70
99999900379,2023,Fall,55.05,80.00,28.70
99999900379,2023,Spring,52.35,78.40,33.30
99999900379,2023,Summer,72.01,80.50,57.80
99999900379,2023,Winter,39.73,53.10,16.50
99999900379,2024,Fall,56.56,70.60,29.80
99999900379,2024,Spring,54.19,73.70,33.80
99999900379,2024,Summer,74.32,85.30,60.30
99999900379,2024,Winter,35.62,54.60,19.30
99999900379,2025,Spring,47.27,67.70,27.70
99999900379,2025,Winter,27.72,46.80,9.80
99999900381,2015,Fall,70.06,82.20,44.80
99999900381,2015,Spring,68.95,80.40,36.30
99999900381,2015,Summer,81.05,85.10,75.40
99999900381,2015,Winter,52.51,75.60,30.70
99999900381,2016,Fall,71.07,83.60,47.80
99999900381,2016,Spring,69.50,79.80,48.70
99999900381,2016,Summer,80.97,85.90,72.40
99999900381,2016,Winter,54.01,73.00,36.30
99999900381,2017,Fall,69.97,81.40,47.10
99999900381,2017,Spring,69.21,81.30,49.40
99999900381,2017,Summer,79.75,84.30,70.70
99999900381,2017,Winter,57.10,72.70,29.30
99999900381,2018,Fall,68.06,84.50,39.60
99999900381,2018,Spring,68.84,83.50,45.30
99999900381,2018,Summer,81.09,85.30,75.40
99999900381,2018,Winter,53.95,74.50,24.50
99999900381,2019,Fall,69.02,83.80,34.50
99999900381,2019,Spring,67.74,81.20,38.00
99999900381,2019,Summer,80.92,92.50,74.20
99999900381,2019,Winter,55.11,72.60,38.70
99999900381,2020,Fall,69.96,85.30,47.80
99999900381,2020,Spring,70.23,82.10,52.00
99999900381,2020,Summer,80.92,85.50,75.50
99999900381,2020,Winter,54.71,70.20,41.50
99999900381,2021,Fall,68.78,83.10,48.00
99999900381,2021,Spring,67.66,79.10,47.90
99999900381,2021,Summer,81.59,87.90,74.10
99999900381,2021,Winter,55.01,74.30,22.70
99999900381,2022,Fall,68.54,86.30,43.10
99999900381,2022,Spring,69.19,82.90,44.00
99999900381,2022,Summer,81.75,86.40,74.60
99999900381,2022,Winter,52.50,75.70,27.20
99999900381,2023,Fall,69.99,86.10,46.60
99999900381,2023,Spring,69.41,85.20,42.90
99999900381,2023,Summer,84.33,89.20,74.60
99999900381,2023,Winter,57.67,74.10,40.00
99999900381,2024,Fall,72.71,82.50,41.60
99999900381,2024,Spring,70.22,84.10,52.10
99999900381,2024,Summer,81.89,87.30,74.50
99999900381,2024,Winter,55.10,70.80,25.00
99999900381,2025,Spring,66.62,78.70,52.00
99999900381,2025,Winter,51.71,71.70,21.00
99999900430,2015,Fall,54.10,80.20,23.50
99999900430,2015,Spring,48.02,75.20,7.60
99999900430,2015,Summer,69.30,79.50,52.50
99999900430,2015,Winter,25.08,59.40,-2.20
99999900430,2016,Fall,55.64,81.10,28.00
99999900430,2016,Spring,49.29,76.80,22.00
99999900430,2016,Summer,72.25,83.80,58.40
99999900430,2016,Winter,27.13,51.30,0.50
99999900430,2017,Spring,49.14,78.00,18.50
99999900430,2017,Summer,72.40,81.20,62.80
99999900430,2017,Winter,33.42,56.70,5.60
99999900430,2018,Fall,52.85,78.70,24.10
99999900430,2018,Spring,50.11,79.30,26.90
99999900430,2018,Summer,71.26,83.80,61.10
99999900430,2018,Winter,32.60,44.30,20.60
99999900430,2019,Fall,51.51,76.90,13.60
99999900430,2019,Spring,46.61,70.00,11.00
99999900430,2019,Summer,69.93,86.90,56.50
99999900430,2019,Winter,27.19,47.60,-12.50
99999900430,2020,Fall,51.80,73.10,28.60
99999900430,2020,Spring,47.23,75.40,27.70
99999900430,2020,Summer,72.10,86.50,58.00
99999900430,2020,Winter,30.72,48.30,13.70
99999900430,2021,Fall,51.26,74.90,28.30
99999900430,2021,Spring,49.74,76.50,24.00
99999900430,2021,Summer,71.66,85.70,59.80
99999900430,2021,Winter,25.44,47.30,5.40
99999900430,2022,Fall,51.93,73.00,19.30
99999900430,2022,Spring,48.74,78.30,18.20
99999900430,2022,Summer,70.55,88.60,60.10
99999900430,2022,Winter,26.39,51.70,0.30
99999900430,2023,Fall,52.28,77.50,20.30
99999900430,2023,Spring,48.26,74.80,23.70
99999900430,2023,Summer,69.13,82.40,55.30
99999900430,2023,Winter,34.65,52.90,11.70
99999900430,2024,Fall,55.11,72.00,21.00
99999900430,2024,Spring,51.80,77.70,25.30
99999900430,2024,Summer,70.76,89.80,58.90
99999900430,2024,Winter,31.10,59.50,-3.60
99999900430,2025,Spring,43.12,64.70,22.10
99999900430,2025,Winter,23.70,44.50,2.80
99999900438,2015,Fall,70.04,84.80,43.70
99999900438,2015,Spring,66.66,79.20,36.20
99999900438,2015,Summer,82.53,89.20,73.40
99999900438,2015,Winter,50.66,73.80,30.50
99999900438,2016,Fall,71.11,83.90,46.80
99999900438,2016,Spring,67.76,80.70,47.50
99999900438,2016,Summer,82.15,88.50,72.30
99999900438,2016,Winter,53.64,73.40,29.80
99999900438,2017,Fall,69.36,82.80,46.10
99999900438,2017,Spring,69.04,82.70,51.50
99999900438,2017,Summer,81.88,87.50,70.20
99999900438,2017,Winter,55.65,73.60,25.60
99999900438,2018,Fall,66.01,83.60,34.50
99999900438,2018,Spring,68.08,82.00,43.90
99999900438,2018,Summer,83.03,88.90,75.00
99999900438,2018,Winter,50.17,71.60,23.00
99999900438,2019,Fall,70.57,88.80,35.00
99999900438,2019,Spring,66.23,81.60,32.40
99999900438,2019,Summer,84.17,101.00,73.90
99999900438,2019,Winter,52.30,71.30,34.90
99999900438,2020,Fall,68.64,88.70,45.50
99999900438,2020,Spring,70.79,84.00,49.80
99999900438,2020,Summer,84.07,90.30,76.30
99999900438,2020,Winter,53.84,72.40,39.10
99999900438,2021,Fall,69.47,85.70,47.80
99999900438,2021,Spring,66.81,80.00,50.00
99999900438,2021,Summer,81.06,90.90,71.60
99999900438,2021,Winter,53.90,74.80,13.20
99999900438,2022,Fall,68.44,83.30,41.20
99999900438,2022,Spring,69.38,84.50,40.20
99999900438,2022,Summer,85.73,97.20,76.30
99999900438,2022,Winter,50.38,74.90,19.60
99999900438,2023,Fall,71.80,92.90,44.60
99999900438,2023,Spring,67.80,79.10,45.20
99999900438,2023,Summer,86.90,94.00,73.40
99999900438,2023,Winter,55.66,74.50,32.40
99999900438,2024,Fall,72.83,85.30,41.40
99999900438,2024,Spring,70.13,84.00,50.00
99999900438,2024,Summer,83.07,90.10,74.30
99999900438,2024,Winter,54.38,72.40,20.90
99999900438,2025,Spring,67.16,78.60,49.60
99999900438,2025,Winter,49.97,74.60,25.90
99999900439,2015,Fall,69.31,83.50,44.80
99999900439,2015,Spring,68.89,82.10,44.10
99999900439,2015,Summer,82.80,89.60,74.50
99999900439,2015,Winter,52.75,74.30,29.40
99999900439,2016,Fall,71.02,83.10,49.10
99999900439,2016,Spring,69.29,81.60,51.50
99999900439,2016,Summer,84.08,89.90,77.40
99999900439,2016,Winter,53.04,71.00,36.40
99999900439,2017,Fall,70.91,85.60,49.10
99999900439,2017,Spring,69.87,84.90,42.40
99999900439,2017,Summer,83.54,88.60,75.20
99999900439,2017,Winter,57.39,70.40,33.20
99999900439,2018,Fall,67.29,84.30,38.20
99999900439,2018,Spring,68.55,84.60,48.80
99999900439,2018,Summer,79.23,85.50,71.90
99999900439,2018,Winter,56.08,78.20,32.10
99999900439,2019,Fall,68.95,84.20,37.10
99999900439,2019,Spring,66.86,84.10,42.20
99999900439,2019,Summer,80.07,88.70,72.60
99999900439,2019,Winter,53.37,70.80,35.70
99999900439,2020,Fall,68.44,82.20,47.60
99999900439,2020,Spring,67.19,78.50,47.50
99999900439,2020,Summer,79.58,86.10,67.60
99999900439,2020,Winter,51.20,71.90,32.50
99999900439,2021,Fall,64.79,80.20,42.00
99999900439,2021,Spring,64.93,88.80,41.30
99999900439,2021,Summer,78.64,85.70,72.70
99999900439,2021,Winter,52.67,72.40,34.70
99999900439,2022,Fall,62.25,78.60,40.80
99999900439,2022,Spring,66.52,81.50,38.20
99999900439,2022,Summer,80.27,86.90,75.00
99999900439,2022,Winter,50.70,74.50,22.70
99999900439,2023,Fall,64.73,79.00,39.60
99999900439,2023,Spring,65.67,77.20,41.80
99999900439,2023,Summer,79.86,86.10,68.70
99999900439,2023,Winter,54.49,73.90,37.10
99999900439,2024,Fall,67.75,81.40,37.70
99999900439,2024,Spring,66.82,79.50,48.80
99999900439,2024,Summer,80.56,85.50,74.10
99999900439,2024,Winter,50.48,67.90,32.20
99999900439,2025,Spring,59.72,73.00,46.70
99999900439,2025,Winter,47.94,69.30,26.20
99999900446,2015,Fall,49.34,77.90,10.00
99999900446,2015,Spring,44.84,60.90,9.00
99999900446,2015,Summer,68.89,84.70,50.10
99999900446,2015,Winter,27.05,46.20,5.10
99999900446,2016,Fall,50.19,70.50,24.60
99999900446,2016,Spring,45.97,67.80,23.70
99999900446,2016,Summer,71.39,85.50,51.20
99999900446,2016,Winter,26.45,51.10,-12.20
99999900446,2017,Fall,46.15,76.20,21.50
99999900446,2017,Spring,46.29,70.30,22.60
99999900446,2017,Summer,70.24,83.90,55.00
99999900446,2017,Winter,24.15,51.10,-3.10
99999900446,2018,Fall,43.81,73.90,16.30
99999900446,2018,Spring,44.02,76.60,20.90
99999900446,2018,Summer,67.58,81.70,53.40
99999900446,2018,Winter,21.10,40.50,-5.30
99999900446,2019,Fall,44.05,76.70,8.50
99999900446,2019,Spring,39.06,64.90,-6.60
99999900446,2019,Summer,66.76,79.50,46.30
99999900446,2019,Winter,21.97,41.10,-6.00
99999900446,2020,Fall,46.42,75.60,4.50
99999900446,2020,Spring,42.69,71.20,11.60
99999900446,2020,Summer,71.82,83.50,49.90
99999900446,2020,Winter,27.17,48.90,7.30
99999900446,2021,Fall,49.75,74.90,24.60
99999900446,2021,Spring,43.44,66.40,25.20
99999900446,2021,Summer,72.68,87.60,55.20
99999900446,2021,Winter,23.15,47.60,-10.20
99999900446,2022,Fall,46.09,80.80,9.10
99999900446,2022,Spring,41.73,66.10,8.30
99999900446,2022,Summer,70.84,87.70,48.30
99999900446,2022,Winter,19.52,41.10,-20.90
99999900446,2023,Fall,47.94,77.70,12.10
99999900446,2023,Spring,42.56,68.00,19.60
99999900446,2023,Summer,67.96,82.30,54.40
99999900446,2023,Winter,26.83,42.70,-11.40
99999900446,2024,Fall,50.86,79.20,20.90
99999900446,2024,Spring,44.30,67.00,20.20
99999900446,2024,Summer,71.26,85.40,50.50
99999900446,2024,Winter,27.58,46.90,-20.70
99999900446,2025,Spring,40.70,62.90,22.90
99999900446,2025,Winter,17.59,38.20,-7.90
99999900454,2015,Fall,77.59,80.60,74.80
99999900454,2015,Spring,76.58,81.90,71.60
99999900454,2015,Summer,83.32,85.10,81.00
99999900454,2015,Winter,69.54,78.40,56.80
99999900454,2016,Fall,81.97,82.40,81.50
99999900454,2016,Spring,74.05,74.30,73.80
99999900454,2016,Summer,81.32,84.60,79.70
99999900454,2016,Winter,66.45,75.70,59.90
99999900454,2017,Spring,72.50,73.40,71.60
99999900454,2017,Summer,82.85,83.80,81.90
99999900454,2017,Winter,72.83,74.80,69.40
99999900454,2018,Fall,70.80,81.70,59.90
99999900454,2018,Spring,73.00,73.00,73.00
99999900454,2018,Summer,80.60,82.40,78.80
99999900454,2018,Winter,71.82,77.40,63.50
99999900454,2019,Summer,81.25,83.30,79.20
99999900454,2019,Winter,74.10,74.30,73.90
99999900459,2015,Fall,78.08,86.20,62.60
99999900459,2015,Spring,75.89,84.20,52.40
99999900459,2015,Summer,86.12,89.70,79.40
99999900459,2015,Winter,66.89,77.50,50.30
99999900459,2016,Fall,79.10,88.40,63.60
99999900459,2016,Spring,74.18,83.70,56.70
99999900459,2016,Summer,85.42,90.10,79.00
99999900459,2016,Winter,66.02,76.80,52.60
99999900459,2017,Fall,80.49,87.80,62.80
99999900459,2017,Spring,73.77,82.20,57.10
99999900459,2017,Summer,84.46,90.60,76.80
99999900459,2017,Winter,69.38,78.50,49.60
99999900459,2018,Fall,78.19,91.70,56.00
99999900459,2018,Spring,75.69,83.50,64.60
99999900459,2018,Summer,85.30,89.50,80.40
99999900459,2018,Winter,65.53,79.00,46.90
99999900459,2019,Fall,78.55,89.40,56.10
99999900459,2019,Spring,73.02,83.40,53.70
99999900459,2019,Summer,85.38,89.50,80.80
99999900459,2019,Winter,67.62,77.30,52.20
99999900459,2020,Spring,75.03,83.80,61.80
99999900459,2020,Summer,84.67,89.60,78.10
99999900459,2020,Winter,66.50,77.20,51.50
99999900459,2021,Winter,71.15,75.40,61.70
99999900459,2022,Fall,73.85,85.00,57.20
99999900459,2022,Spring,75.09,81.60,54.30
99999900459,2022,Summer,83.09,89.00,79.80
99999900459,2022,Winter,68.52,76.70,44.70
99999900459,2023,Fall,78.59,87.00,59.30
99999900459,2023,Spring,71.90,81.00,51.30
99999900459,2023,Summer,85.44,89.90,76.30
99999900459,2023,Winter,67.59,76.00,53.80
99999900459,2024,Fall,78.75,85.60,60.30
99999900459,2024,Spring,73.75,83.40,59.00
99999900459,2024,Summer,84.87,89.50,79.80
99999900459,2024,Winter,65.99,76.90,45.90
99999900459,2025,Spring,70.61,78.40,60.30
99999900459,2025,Winter,63.72,75.00,43.40
99999900496,2022,Fall,58.44,76.20,33.40
99999900496,2022,Summer,75.38,85.10,71.30
99999900496,2022,Winter,40.17,58.30,6.60
99999900496,2023,Fall,59.75,76.80,31.50
99999900496,2023,Spring,51.97,72.70,30.90
99999900496,2023,Summer,75.07,81.50,69.80
99999900496,2023,Winter,45.73,70.50,29.70
99999900496,2024,Fall,61.09,81.90,31.30
99999900496,2024,Spring,59.87,75.50,37.00
99999900496,2024,Summer,77.10,84.40,67.50
99999900496,2024,Winter,40.99,62.50,10.80
99999900496,2025,Spring,55.61,76.40,35.30
99999900496,2025,Winter,29.19,56.00,15.20
99999900497,2022,Fall,57.51,75.70,31.30
99999900497,2022,Summer,75.99,82.70,72.00
99999900497,2022,Winter,40.60,60.40,9.80
99999900497,2023,Fall,59.69,77.60,30.60
99999900497,2023,Spring,58.27,73.60,31.60
99999900497,2023,Summer,74.80,83.80,61.80
99999900497,2023,Winter,45.55,74.80,29.70
99999900497,2024,Fall,61.81,78.50,28.70
99999900497,2024,Spring,60.79,75.90,38.50
99999900497,2024,Summer,77.08,85.00,66.20
99999900497,2024,Winter,41.49,67.20,14.80
99999900497,2025,Spring,58.73,80.50,36.80
99999900497,2025,Winter,38.16,66.10,15.80
99999904835,2015,Fall,57.13,79.20,19.50
99999904835,2015,Spring,52.37,75.20,8.60
99999904835,2015,Summer,71.66,80.80,56.40
99999904835,2015,Winter,28.61,60.40,0.70
99999904835,2016,Fall,59.14,79.90,29.20
99999904835,2016,Spring,54.29,75.90,26.70
99999904835,2016,Summer,74.34,82.00,61.60
99999904835,2016,Winter,29.39,50.80,3.20
99999904835,2017,Fall,50.04,70.60,27.90
99999904835,2017,Spring,50.06,71.00,19.60
99999904835,2017,Summer,72.84,83.70,60.90
99999904835,2017,Winter,36.16,57.70,5.70
99999904835,2018,Fall,53.17,80.50,20.70
99999904835,2018,Spring,51.78,82.10,25.60
99999904835,2018,Summer,73.64,81.80,63.10
99999904835,2018,Winter,29.88,61.50,-9.20
99999904835,2019,Fall,44.86,78.70,12.30
99999904835,2019,Winter,29.33,55.30,-7.20
99999904835,2020,Fall,54.32,74.10,34.10
99999904835,2020,Spring,51.12,75.30,30.30
99999904835,2020,Summer,74.08,81.80,63.80
99999904835,2020,Winter,31.84,50.20,2.40
99999904835,2021,Fall,56.68,76.90,24.60
99999904835,2021,Spring,52.92,78.20,31.40
99999904835,2021,Summer,73.74,83.20,62.10
99999904835,2021,Winter,30.35,55.40,0.20
99999904835,2022,Fall,53.77,76.40,21.70
99999904835,2022,Spring,52.60,80.50,16.00
99999904835,2022,Summer,73.87,86.80,65.80
99999904835,2022,Winter,26.68,50.50,-6.00
99999904835,2023,Fall,55.81,76.90,20.00
99999904835,2023,Spring,53.15,79.00,21.70
99999904835,2023,Summer,72.17,84.10,58.80
99999904835,2023,Winter,35.53,57.00,11.20
99999926566,2023,Fall,29.20,51.70,-0.60
99999926566,2023,Summer,49.40,49.40,49.40
99999926566,2023,Winter,-5.19,16.20,-39.80
99999926566,2024,Fall,25.83,55.30,-29.70
99999926566,2024,Spring,24.85,61.10,-33.00
99999926566,2024,Summer,52.84,76.00,32.00
99999926566,2024,Winter,1.14,35.30,-53.00
99999926566,2025,Spring,16.58,39.70,-7.40
99999926566,2025,Winter,7.47,35.80,-42.40
99999926567,2023,Fall,27.66,51.30,-6.20
99999926567,2023,Summer,50.10,50.10,50.10
99999926567,2023,Winter,-4.83,16.70,-23.20
99999926567,2024,Fall,25.59,53.90,-27.10
99999926567,2024,Spring,26.31,57.00,-32.80
99999926567,2024,Summer,56.33,73.30,43.50
99999926567,2024,Winter,0.29,38.30,-48.80
99999926567,2025,Spring,13.37,35.60,-14.60
99999926567,2025,Winter,3.65,33.90,-43.60
99999937201,2015,Fall,17.70,56.00,-19.20
99999937201,2015,Spring,4.31,34.50,-37.30
99999937201,2015,Summer,44.26,67.90,30.30
99999937201,2015,Winter,-16.42,14.90,-39.80
99999937201,2016,Fall,18.78,50.30,-30.80
99999937201,2016,Spring,2.67,38.20,-36.30
99999937201,2016,Summer,44.09,58.40,32.20
99999937201,2016,Winter,-21.92,4.60,-42.80
99999937201,2017,Fall,14.04,52.90,-18.70
99999937201,2017,Spring,11.11,31.90,-35.60
99999937201,2017,Summer,44.42,66.80,24.30
99999937201,2017,Winter,-18.77,7.30,-47.00
99999937201,2018,Fall,27.39,44.00,-4.40
99999937201,2018,Spring,2.60,36.80,-36.70
99999937201,2018,Summer,46.83,68.70,29.70
99999937201,2018,Winter,-23.51,-5.50,-48.40
99999953182,2015,Fall,58.89,81.50,23.90
99999953182,2015,Spring,55.19,69.90,25.50
99999953182,2015,Summer,76.71,86.30,65.20
99999953182,2015,Winter,35.97,58.40,13.50
99999953182,2016,Fall,60.96,79.40,31.40
99999953182,2016,Spring,55.50,74.60,31.50
99999953182,2016,Summer,77.62,89.70,63.90
99999953182,2016,Winter,36.59,63.30,3.30
99999953182,2017,Fall,58.24,80.90,35.90
99999953182,2017,Spring,56.05,75.20,33.10
99999953182,2017,Summer,76.39,87.00,66.00
99999953182,2017,Winter,37.86,71.30,7.80
99999953182,2018,Fall,54.65,79.20,22.70
99999953182,2018,Spring,57.78,80.70,27.30
99999953182,2018,Summer,77.73,86.10,67.10
99999953182,2018,Winter,35.41,60.00,8.20
99999953182,2019,Fall,56.07,82.20,21.10
99999953182,2019,Spring,52.77,74.00,10.20
99999953182,2019,Summer,76.82,90.10,60.20
99999953182,2019,Winter,35.03,56.00,12.60
99999953182,2020,Fall,55.75,79.10,20.50
99999953182,2020,Spring,56.86,78.40,31.40
99999953182,2020,Summer,78.32,87.90,60.70
99999953182,2020,Winter,36.34,52.80,22.30
99999953182,2021,Fall,60.86,84.50,34.40
99999953182,2021,Spring,54.30,72.90,33.30
99999953182,2021,Summer,77.51,90.60,59.90
99999953182,2021,Winter,36.07,60.40,-7.70
99999953182,2022,Fall,57.95,82.00,23.30
99999953182,2022,Spring,56.92,85.20,22.60
99999953182,2022,Summer,79.83,92.20,57.90
99999953182,2022,Winter,34.33,56.70,6.10
99999953182,2023,Fall,59.34,84.70,24.10
99999953182,2023,Spring,55.86,76.30,33.00
99999953182,2023,Summer,76.18,88.70,61.10
99999953182,2023,Winter,37.82,57.00,8.10
99999953182,2024,Fall,60.05,81.80,33.50
99999953182,2024,Spring,57.58,76.80,28.00
99999953182,2024,Summer,78.09,90.20,62.50
99999953182,2024,Winter,38.19,61.10,2.50
99999953182,2025,Spring,53.78,72.80,36.20
99999953182,2025,Winter,32.04,61.80,2.30
99999953830,2015,Fall,64.53,80.70,35.90
99999953830,2015,Spring,62.15,75.50,26.70
99999953830,2015,Summer,78.33,84.70,65.80
99999953830,2015,Winter,43.57,73.70,16.20
99999953830,2016,Fall,66.46,82.40,39.10
99999953830,2016,Spring,62.95,79.50,42.30
99999953830,2016,Summer,79.97,85.80,72.90
99999953830,2016,Winter,44.30,69.90,23.30
99999953830,2017,Fall,58.97,79.10,37.20
99999953830,2017,Spring,61.69,79.20,34.70
99999953830,2017,Summer,77.30,84.50,67.30
99999953830,2017,Winter,52.01,69.20,18.80
99999953830,2018,Fall,61.40,81.20,30.20
99999953830,2018,Spring,61.77,80.40,39.10
99999953830,2018,Summer,78.64,84.20,72.40
99999953830,2018,Winter,44.53,70.30,12.10
99999953830,2019,Fall,54.62,80.80,26.80
99999953830,2019,Winter,47.52,62.70,31.90
99999953830,2020,Fall,62.63,81.60,37.90
99999953830,2020,Spring,62.05,77.80,44.20
99999953830,2020,Summer,77.51,83.10,69.70
99999953830,2020,Winter,45.69,65.40,28.60
99999953830,2021,Fall,71.65,77.70,60.40
99999953830,2021,Spring,61.46,75.60,42.40
99999953830,2021,Summer,77.36,83.80,68.80
99999953830,2021,Winter,41.16,70.20,12.00
99999953830,2023,Fall,64.34,82.10,36.50
99999953830,2023,Spring,61.89,78.20,34.60
99999953830,2023,Summer,78.85,87.80,68.10
99999953830,2023,Winter,50.27,70.30,29.80
99999954918,2015,Fall,52.34,78.40,16.60
99999954918,2015,Spring,48.09,71.20,3.70
99999954918,2015,Summer,69.75,80.20,57.40
99999954918,2015,Winter,20.59,42.00,-4.60
99999954918,2016,Fall,52.42,74.90,21.00
99999954918,2016,Spring,48.78,70.50,13.90
99999954918,2016,Summer,71.75,85.20,61.40
99999954918,2016,Winter,20.85,42.60,-15.10
99999954918,2017,Fall,42.45,65.80,17.20
99999954918,2017,Spring,40.17,61.00,11.40
99999954918,2017,Summer,70.50,80.80,58.70
99999954918,2017,Winter,25.36,51.90,-2.80
99999954918,2018,Fall,45.26,77.50,12.70
99999954918,2018,Spring,44.24,84.40,15.10
99999954918,2018,Summer,70.94,83.10,59.30
99999954918,2018,Winter,18.51,38.40,-16.80
99999954918,2019,Fall,36.97,59.90,10.40
99999954918,2019,Winter,22.65,33.00,6.50
99999954918,2020,Fall,47.44,75.90,17.20
99999954918,2020,Spring,45.54,69.50,18.90
99999954918,2020,Summer,73.33,83.80,61.00
99999954918,2020,Winter,22.18,45.20,-9.40
99999954918,2021,Fall,65.58,76.40,55.00
99999954918,2021,Spring,47.68,74.20,19.80
99999954918,2021,Summer,73.11,84.50,60.30
99999954918,2021,Winter,18.38,38.50,-14.60
99999954918,2022,Fall,48.94,76.40,14.10
99999954918,2022,Spring,58.33,75.80,41.30
99999954918,2022,Summer,71.75,86.10,56.60
99999954918,2022,Winter,15.58,32.80,-13.30
99999954918,2023,Fall,51.38,81.20,17.10
99999954918,2023,Spring,44.53,75.60,7.30
99999954918,2023,Summer,72.41,85.90,61.20
99999954918,2023,Winter,18.45,37.40,-5.90
99999963904,2019,Fall,52.41,72.50,32.20
99999963904,2019,Winter,50.94,68.70,37.00
99999963904,2020,Fall,67.66,87.70,41.80
99999963904,2020,Spring,68.36,82.00,45.70
99999963904,2020,Summer,83.15,89.80,74.00
99999963904,2020,Winter,50.94,71.00,37.40
99999963904,2021,Fall,68.56,85.40,47.20
99999963904,2021,Spring,66.63,83.50,48.60
99999963904,2021,Summer,81.09,85.10,67.10
99999963904,2021,Winter,52.10,73.40,8.80
99999963904,2022,Fall,67.97,84.70,39.50
99999963904,2022,Spring,69.12,83.30,38.90
99999963904,2022,Summer,85.89,93.20,76.90
99999963904,2022,Winter,48.62,73.20,19.00
99999963904,2023,Fall,70.15,91.60,42.70
99999963904,2023,Spring,67.16,79.70,44.40
99999963904,2023,Summer,86.67,92.20,72.70
99999963904,2023,Winter,53.53,74.00,29.60
99999963904,2024,Fall,71.85,85.90,39.80
99999963904,2024,Spring,69.15,88.50,48.80
99999963904,2024,Summer,83.24,90.40,75.40
99999963904,2024,Winter,51.30,70.60,18.50
99999963904,2025,Spring,67.04,79.10,48.60
99999963904,2025,Winter,48.42,73.80,24.50
99999992828,2018,Fall,74.82,83.60,49.80
99999992828,2018,Summer,80.63,83.80,74.90
99999992828,2018,Winter,62.34,75.50,49.30
99999992828,2019,Fall,75.92,84.70,51.90
99999992828,2019,Spring,71.95,82.30,52.60
99999992828,2019,Summer,81.43,84.70,76.70
99999992828,2019,Winter,62.51,74.70,47.70
99999992828,2020,Fall,76.05,84.60,62.60
99999992828,2020,Spring,72.96,81.70,55.90
99999992828,2020,Summer,81.60,84.90,74.30
99999992828,2020,Winter,60.98,73.80,42.20
99999992828,2021,Fall,73.11,81.50,55.60
99999992828,2021,Spring,71.59,80.80,55.50
99999992828,2021,Summer,80.58,84.90,73.30
99999992828,2021,Winter,63.55,73.70,47.50
99999992828,2022,Fall,73.42,83.10,55.70
99999992828,2022,Spring,72.92,82.00,50.50
99999992828,2022,Summer,81.43,85.00,76.70
99999992828,2022,Winter,61.16,73.40,37.20
99999992828,2023,Fall,73.92,83.80,51.20
99999992828,2023,Spring,73.26,83.00,55.30
99999992828,2023,Summer,82.39,86.80,74.50
99999992828,2023,Winter,63.87,74.40,46.50
99999992828,2024,Fall,75.55,84.70,55.80
99999992828,2024,Spring,73.31,83.70,59.20
99999992828,2024,Summer,82.07,85.80,76.70
99999992828,2024,Winter,60.55,73.00,46.10
99999992828,2025,Spring,68.52,81.50,55.10
99999992828,2025,Winter,60.13,74.50,41.30
99999993733,2015,Fall,56.52,77.40,35.20
99999993733,2015,Spring,53.33,74.20,19.40
99999993733,2015,Summer,71.75,80.30,56.20
99999993733,2015,Winter,34.35,65.70,9.80
99999993733,2016,Fall,57.00,79.30,34.60
99999993733,2016,Spring,53.16,74.30,30.60
99999993733,2016,Summer,73.22,83.40,60.30
99999993733,2016,Winter,34.60,55.30,16.10
99999993733,2017,Fall,55.84,74.90,30.00
99999993733,2017,Spring,53.74,76.20,26.90
99999993733,2017,Summer,71.79,81.50,57.60
99999993733,2017,Winter,38.13,62.70,18.00
99999993733,2018,Fall,54.97,82.40,27.80
99999993733,2018,Spring,51.86,76.90,32.00
99999993733,2018,Summer,73.31,88.10,59.90
99999993733,2018,Winter,36.54,66.20,11.30
99999993733,2019,Fall,56.80,76.70,27.60
99999993733,2019,Spring,54.00,75.60,27.50
99999993733,2019,Summer,72.80,84.60,58.00
99999993733,2019,Winter,35.38,52.50,13.30
99999993733,2020,Fall,56.11,75.60,34.70
99999993733,2020,Spring,50.53,80.90,31.70
99999993733,2020,Summer,72.98,80.30,58.40
99999993733,2020,Winter,38.05,63.80,24.40
99999993733,2021,Fall,55.99,73.80,32.50
99999993733,2021,Spring,52.97,76.30,32.30
99999993733,2021,Summer,74.40,86.80,62.20
99999993733,2021,Winter,36.68,56.30,26.10
99999993733,2022,Fall,55.12,77.80,28.10
99999993733,2022,Spring,53.26,78.40,28.30
99999993733,2022,Summer,72.51,83.20,63.20
99999993733,2022,Winter,34.01,64.00,12.40
99999993733,2023,Fall,55.37,78.80,28.90
99999993733,2023,Spring,52.30,72.00,35.20
99999993733,2023,Summer,72.14,80.90,59.40
99999993733,2023,Winter,40.83,58.10,20.90
99999993733,2024,Fall,55.83,73.20,28.80
99999993733,2024,Spring,55.15,72.90,35.30
99999993733,2024,Summer,73.97,84.70,59.80
99999993733,2024,Winter,36.62,59.00,18.60
99999993733,2025,Spring,49.72,71.80,29.10
99999993733,2025,Winter,31.86,47.50,13.40
99999994044,2015,Fall,56.52,78.20,15.80
99999994044,2015,Spring,49.93,67.90,14.40
99999994044,2015,Summer,72.28,81.20,55.90
99999994044,2015,Winter,36.59,64.40,10.50
99999994044,2016,Fall,58.86,79.60,27.90
99999994044,2016,Spring,49.46,65.90,25.90
99999994044,2016,Summer,73.31,85.80,56.70
99999994044,2016,Winter,36.16,56.70,4.40
99999994044,2017,Fall,50.45,71.80,29.90
99999994044,2017,Spring,50.17,68.60,30.40
99999994044,2017,Summer,72.34,84.20,59.40
99999994044,2017,Winter,37.73,67.80,4.70
99999994044,2018,Fall,51.44,78.50,20.90
99999994044,2018,Spring,48.77,70.70,27.30
99999994044,2018,Summer,70.51,82.30,57.80
99999994044,2018,Winter,34.59,59.70,6.80
99999994044,2019,Fall,40.19,61.90,8.70
99999994044,2019,Winter,34.54,48.90,22.30
99999994044,2020,Fall,52.16,82.60,8.50
99999994044,2020,Spring,47.81,72.60,18.80
99999994044,2020,Summer,72.29,83.60,53.80
99999994044,2020,Winter,33.55,57.90,7.50
99999994044,2021,Fall,66.65,78.70,45.70
99999994044,2021,Spring,45.68,69.20,21.80
99999994044,2021,Summer,72.06,84.40,53.00
99999994044,2021,Winter,29.36,51.10,-5.40
99999994044,2022,Fall,51.11,80.20,13.70
99999994044,2022,Spring,55.82,72.70,38.80
99999994044,2022,Summer,72.01,85.70,44.40
99999994044,2022,Winter,32.61,52.60,-10.30
99999994044,2023,Fall,53.55,78.60,14.60
99999994044,2023,Spring,46.05,67.80,21.50
99999994044,2023,Summer,66.94,81.30,53.50
99999994044,2023,Winter,30.82,48.80,-4.90
99999994045,2015,Fall,45.95,76.20,3.30
99999994045,2015,Spring,44.81,62.00,1.30
99999994045,2015,Summer,68.77,86.10,52.80
99999994045,2015,Winter,18.84,43.80,-11.20
99999994045,2016,Fall,47.42,80.00,24.40
99999994045,2016,Spring,46.19,68.10,21.60
99999994045,2016,Summer,67.96,78.30,54.50
99999994045,2016,Winter,18.69,43.40,-21.80
99999994045,2017,Fall,36.43,71.30,4.50
99999994045,2017,Spring,37.99,58.80,4.10
99999994045,2017,Summer,69.87,82.20,54.90
99999994045,2017,Winter,16.58,45.40,-14.40
99999994045,2018,Fall,39.56,71.20,1.40
99999994045,2018,Spring,40.20,71.30,5.80
99999994045,2018,Summer,68.47,85.10,51.20
99999994045,2018,Winter,11.83,38.10,-31.30
99999994045,2019,Fall,32.59,52.40,-0.50
99999994045,2019,Winter,18.08,33.50,-8.10
99999994045,2020,Fall,41.35,68.00,5.30
99999994045,2020,Spring,41.57,70.90,11.40
99999994045,2020,Summer,68.27,81.30,53.40
99999994045,2020,Winter,20.68,40.20,-15.30
99999994045,2021,Fall,61.32,74.70,49.10
99999994045,2021,Spring,43.50,70.00,20.30
99999994045,2021,Summer,71.13,84.40,54.40
99999994045,2021,Winter,16.04,41.70,-19.10
99999994045,2022,Fall,43.13,80.70,-9.70
99999994045,2022,Spring,53.74,65.10,39.90
99999994045,2022,Summer,69.79,84.80,50.10
99999994045,2022,Winter,5.29,32.80,-22.10
99999994045,2023,Fall,45.61,76.20,8.10
99999994045,2023,Spring,38.52,73.00,0.80
99999994045,2023,Summer,69.37,78.50,59.00
99999994045,2023,Winter,17.30,36.70,-14.40
99999994099,2019,Winter,18.95,33.60,-4.70
99999994099,2020,Fall,41.93,68.70,11.00
99999994099,2020,Spring,41.41,70.90,10.00
99999994099,2020,Summer,69.97,84.60,54.90
99999994099,2020,Winter,20.87,42.10,-15.10
99999994099,2021,Fall,47.87,75.10,15.20
99999994099,2021,Spring,44.04,69.60,18.20
99999994099,2021,Summer,71.60,86.60,55.20
99999994099,2021,Winter,13.77,41.50,-20.00
99999994099,2022,Fall,42.78,79.40,0.00
99999994099,2022,Spring,38.49,63.70,-0.80
99999994099,2022,Summer,69.05,84.10,51.40
99999994099,2022,Winter,10.27,35.50,-23.80
99999994099,2023,Fall,45.02,75.50,10.50
99999994099,2023,Spring,37.47,71.40,2.20
99999994099,2023,Summer,69.00,84.50,56.80
99999994099,2023,Winter,20.64,46.00,-12.70
99999994099,2024,Fall,47.75,75.00,-5.10
99999994099,2024,Spring,41.52,65.10,2.70
99999994099,2024,Summer,68.17,87.30,48.50
99999994099,2024,Winter,20.81,41.60,-24.40
99999994099,2025,Spring,35.60,57.00,16.60
99999994099,2025,Winter,7.84,36.80,-23.30
99999994785,2024,Fall,52.80,80.20,32.50
99999994785,2024,Winter,30.85,52.60,11.20
99999994785,2025,Spring,41.98,62.20,17.90
99999994785,2025,Winter,26.50,42.90,11.00
